<?xml version="1.0" encoding="UTF-8" ?>
<document>
<!--The data in this file is primarily intended for consumption by Xilinx tools.
The structure and the elements are likely to change over the next few releases.
This means code written to parse this file will need to be revisited each subsequent release.-->
<application name="pa" timeStamp="Thu Mar 24 10:38:11 2016">
<section name="Project Information" visible="false">
<property name="ProjectID" value="f8e147b132914d459af784d5a701ebc3" type="ProjectID"/>
<property name="ProjectIteration" value="1" type="ProjectIteration"/>
</section>
<section name="PlanAhead Usage" visible="true">
<item name="Project Data">
<property name="SrcSetCount" value="1" type="SrcSetCount"/>
<property name="ConstraintSetCount" value="1" type="ConstraintSetCount"/>
<property name="DesignMode" value="RTL" type="DesignMode"/>
<property name="SynthesisStrategy" value="Vivado Synthesis Defaults" type="SynthesisStrategy"/>
<property name="ImplStrategy" value="Vivado Implementation Defaults" type="ImplStrategy"/>
</item>
<item name="Java Command Handlers">
<property name="CoreView" value="1" type="JavaHandler"/>
<property name="CreateBlockDesign" value="1" type="JavaHandler"/>
<property name="CreateTopHDL" value="1" type="JavaHandler"/>
<property name="CustomizeRSBBlock" value="1" type="JavaHandler"/>
<property name="ManageCompositeTargets" value="1" type="JavaHandler"/>
<property name="NewProject" value="1" type="JavaHandler"/>
<property name="ProjectSettingsCmdHandler" value="1" type="JavaHandler"/>
<property name="ValidateRSBDesign" value="1" type="JavaHandler"/>
</item>
<item name="Gui Resources Info">
<property name="FINISH, Finish" value="1" type="GuiResourceData"/>
<property name="Interrupts, Interrupts" value="1" type="GuiResourceData"/>
<property name="MIO Configuration, MIO Configuration" value="1" type="GuiResourceData"/>
<property name="NEXT, Next " value="4" type="GuiResourceData"/>
<property name="OK, OK" value="1" type="GuiResourceData"/>
<property name="PAResourceAtoD.AddressTreeTablePanel_ADDRESS_TREE_TABLE, Data (32 address bits : 0x40000000 [ 1G ]" value="1" type="GuiResourceData"/>
<property name="PAResourceAtoD.CoreTreeTablePanel_CORE_TREE_TABLE, Hls_macc, 0" value="1" type="GuiResourceData"/>
<property name="PAResourceAtoD.CoreTreeTablePanel_CORE_TREE_TABLE, Hls_macc, 0, Hls_macc, 0, false" value="1" type="GuiResourceData"/>
<property name="PAResourceAtoD.CoreTreeTablePanel_CORE_TREE_TABLE, Hls_macc, 0, Hls_macc, 0, false, false, false, false, false, true" value="1" type="GuiResourceData"/>
<property name="PAResourceAtoD.CoreTreeTablePanel_CORE_TREE_TABLE, ZYNQ7 Processing System, 0" value="1" type="GuiResourceData"/>
<property name="PAResourceAtoD.CoreTreeTablePanel_CORE_TREE_TABLE, ZYNQ7 Processing System, 0, ZYNQ7 Processing System, 0, false" value="1" type="GuiResourceData"/>
<property name="PAResourceAtoD.CoreTreeTablePanel_CORE_TREE_TABLE, ZYNQ7 Processing System, 0, ZYNQ7 Processing System, 0, false, false, false, false, false, true" value="1" type="GuiResourceData"/>
<property name="PAResourceAtoD.CreateNewDiagramDialog_DESIGN_NAME, Zynq_Design" value="1" type="GuiResourceData"/>
<property name="PAResourceAtoD.CustomizeCoreDialog_PRESETS, Presets" value="1" type="GuiResourceData"/>
<property name="PAResourceCommand.PACommandNames_GENERATE_COMPOSITE_FILE, Generate Output Products..." value="2" type="GuiResourceData"/>
<property name="PAResourceCommand.PACommandNames_IP_SETTINGS, IP Catalog_ip_settings" value="1" type="GuiResourceData"/>
<property name="PAResourceCommand.PACommandNames_VALIDATE_RSB_DESIGN, validate_bd_design_rsb" value="1" type="GuiResourceData"/>
<property name="PAResourceEtoH.FileSetPanel_FILE_SET_PANEL_TREE, [root, Design Sources, Zynq_Design (Zynq_Design.bd" value="4" type="GuiResourceData"/>
<property name="PAResourceEtoH.FlowNavigatorTreePanel_FLOW_NAVIGATOR_TREE, [, IP Integrator, Create Block Design], 6, false" value="1" type="GuiResourceData"/>
<property name="PAResourceEtoH.FlowNavigatorTreePanel_FLOW_NAVIGATOR_TREE, [, Project Manager, IP Catalog], 4, false" value="1" type="GuiResourceData"/>
<property name="PAResourceEtoH.GICTreeTablePanel_GIC_TREE_TABLE, Fabric Interrupts ;  ; Enable PL Interrupts to PS and vice versa, 0" value="1" type="GuiResourceData"/>
<property name="PAResourceEtoH.GICTreeTablePanel_GIC_TREE_TABLE, Fabric Interrupts ;  ; Enable PL Interrupts to PS and vice versa, 0, Fabric Interrupts, 0, true" value="1" type="GuiResourceData"/>
<property name="PAResourceEtoH.GICTreeTablePanel_GIC_TREE_TABLE, IRQ_F2P[15:0] ; [91:84], [68:61] ; Enables 16-bit shared interrupt port from the PL. MSB is assigned the highest Interrupt ID of 91, 2, IRQ_F2P[15:0], 0, false" value="4" type="GuiResourceData"/>
<property name="PAResourceEtoH.GICTreeTablePanel_GIC_TREE_TABLE, PL-PS Interrupt Ports ; PL-PS Interrupt Ports ; PL-PS Interrupt Ports, 1" value="1" type="GuiResourceData"/>
<property name="PAResourceEtoH.GettingStartedView_CREATE_NEW_PROJECT, Create New Project" value="1" type="GuiResourceData"/>
<property name="PAResourceOtoP.PartChooser_BOARDS, Boards" value="1" type="GuiResourceData"/>
<property name="PAResourceOtoP.PartChooser_BOARDS, ZYNQ-7 ZC702 Evaluation Board ; xilinx.com ; 1.0 ; xc7z020clg484-1 ; 484 ; 1.2 ; 140 ; 220 ; 106400 ; 0 ; 0 ; 200 ; 53200 ; 4 ; 0 ; 85 ; 0 ; 85 ; C ; 1.05 ; 0.95 ; 0.95 ; 0 ; 0 ; 0 ; 0 ; 0, 8, ZYNQ-7 ZC702 Evaluation Board, 0" value="1" type="GuiResourceData"/>
<property name="PAResourceOtoP.ProjectNameChooser_CHOOSE_PROJECT_LOCATION, (String" value="1" type="GuiResourceData"/>
<property name="PAResourceOtoP.ProjectSettingsIPPage_TABBED_PANE, PAResourceOtoP.ProjectSettingsIPPage_REPOSITORY_MANAGER, Repository Manager, 1" value="1" type="GuiResourceData"/>
<property name="PAResourceOtoP.ProjectSettingsIPRepositoryPanel_ADD_REPOSITORY, Add Repository" value="1" type="GuiResourceData"/>
<property name="PAResourceQtoS.RSBApplyAutomationBar_RUN_BLOCK_AUTOMATION, Run Block Automation" value="1" type="GuiResourceData"/>
<property name="PAResourceQtoS.RSBApplyAutomationBar_RUN_CONNECTION_AUTOMATION, Run Connection Automation" value="1" type="GuiResourceData"/>
<property name="PAResourceQtoS.SelectMenu_HIGHLIGHT, Highlight" value="1" type="GuiResourceData"/>
<property name="PAResourceQtoS.SimpleOutputProductDialog_GENERATE_OUTPUT_PRODUCTS_IMMEDIATELY, Generate" value="1" type="GuiResourceData"/>
<property name="PAResourceQtoS.SystemBuilderMenu_ADD_IP, Add IP..." value="1" type="GuiResourceData"/>
<property name="PAResourceQtoS.SystemBuilderView_ADD_IP, (String" value="1" type="GuiResourceData"/>
<property name="RDIResource.AddRepositoryInfoDialog_OK, OK" value="1" type="GuiResourceData"/>
<property name="RDIResource.BaseDialog_OK, OK" value="7" type="GuiResourceData"/>
</item>
<item name="Other">
<property name="GuiMode" value="195" type="GuiMode"/>
<property name="BatchMode" value="0" type="BatchMode"/>
<property name="TclMode" value="180" type="TclMode"/>
</item>
</section>
</application>
</document>
